Activity Type,Date,Favorite,Title,Distance,Calories,Time,Avg HR,Max HR,Avg Run Cadence,Max Run Cadence,Avg Pace,Best Pace,Total Ascent,Total Descent,Avg Stride Length,Avg Vertical Ratio,Avg Vertical Oscillation,Avg Ground Contact Time,Avg Run Cadence,Max Run Cadence,Training Stress ScoreÂ®,Avg Power,Max Power,Grit,Flow,Avg. Swolf,Avg Stroke Rate,Total Reps,Dive Time,Min Temp,Surface Interval,Decompression,Best Lap Time,Number of Laps,Max Temp,Moving Time,Elapsed Time,Min Elevation,Max Elevation
Running,2022-06-06 18:16:59,false,"Reading - Easy Run","4.03","234","00:30:00","170","182","175","188","7:27","6:41","65","70","0.77","0.0","0.0","0","0","0","0.0","0","0","0.0","0.0","0","0","0","0:00","0.0","0:00","No","02:41.43.8","6","0.0","00:29:56","00:30:00","37","95"
Running,2022-06-04 16:52:56,false,"Reading - Benchmark Run","1.28","69","00:09:00.0","160","172","178","190","7:03","6:33","3","3","0.80","0.0","0.0","0","0","0","0.0","0","0","0.0","0.0","0","0","0","0:00","0.0","0:00","No","02:00.00","3","0.0","00:09:00.0","00:09:00.0","36","41"
Running,2022-05-07 12:45:04,false,"Appiano Gentile Running","5.01","285","00:36:14","166","182","178","191","7:14","5:54","24","24","0.78","0.0","0.0","0","0","0","0.0","0","0","0.0","0.0","0","0","0","0:00","0.0","0:00","No","00:03.80.2","6","0.0","00:36:07","00:36:14","335","349"
Running,2022-04-25 18:31:39,false,"Reading Running","6.45","361","00:48:04","163","183","176","186","7:27","6:46","8","14","0.76","0.0","0.0","0","0","0","0.0","0","0","0.0","0.0","0","0","0","0:00","0.0","0:00","No","03:03.37.8","7","0.0","00:48:01","00:48:04","26","51"
Running,2022-04-23 17:55:27,false,"Reading Running","10.01","598","01:13:57","170","180","178","188","7:23","6:23","42","45","0.76","0.0","0.0","0","0","0","0.0","0","0","0.0","0.0","0","0","0","0:00","0.0","0:00","No","00:05.97.7","11","0.0","01:13:51","01:13:57","28","64"
Running,2022-04-18 17:44:29,false,"Reading Running","5.01","286","00:36:10","164","180","176","184","7:13","6:06","13","16","0.79","0.0","0.0","0","0","0","0.0","0","0","0.0","0.0","0","0","0","0:00","0.0","0:00","No","00:04.49.8","6","0.0","00:36:08","00:36:10","35","54"
Running,2022-04-16 13:48:20,false,"Reading Running","8.19","484","01:00:06","167","183","175","188","7:20","6:12","11","16","0.78","0.0","0.0","0","0","0","0.0","0","0","0.0","0.0","0","0","0","0:00","0.0","0:00","No","01:24.01.3","9","0.0","01:00:01","01:00:06","24","45"
Running,2022-04-14 18:20:42,false,"Reading Running","6.01","357","00:43:55","167","181","176","184","7:18","6:20","52","56","0.78","0.0","0.0","0","0","0","0.0","0","0","0.0","0.0","0","0","0","0:00","0.0","0:00","No","00:03.74","7","0.0","00:43:49","00:43:55","36","78"
Running,2022-04-11 18:14:47,false,"Reading Running","5.01","303","00:35:39","169","185","177","188","7:06","6:21","33","35","0.80","0.0","0.0","0","0","0","0.0","0","0","0.0","0.0","0","0","0","0:00","0.0","0:00","No","00:03.09.2","6","0.0","00:35:26","00:35:39","35","55"
Running,2022-03-08 18:03:40,false,"Reading - Easy Run","6.32","362","00:44:00","161","182","180","192","6:58","6:12","1","4","0.80","0.0","0.0","0","0","0","0.0","0","0","0.0","0.0","0","0","0","0:00","0.0","0:00","No","02:17.85.2","7","0.0","00:43:57","00:44:00","28","55"
Running,2022-03-05 13:30:01,false,"Reading - Negative Split R","10.56","636","01:19:39","163","180","177","188","7:33","6:40","19","21","0.75","0.0","0.0","0","0","0","0.0","0","0","0.0","0.0","0","0","0","0:00","0.0","0:00","No","05:05.70.9","11","0.0","01:19:32","01:19:39","34","66"
Running,2022-03-03 17:46:52,false,"Reading - Pace Run","6.44","386","00:43:15","168","184","179","194","6:43","5:42","13","15","0.83","0.0","0.0","0","0","0","0.0","0","0","0.0","0.0","0","0","0","0:00","0.0","0:00","No","01:20.20.5","8","0.0","00:43:12","00:43:15","18","45"
Running,2022-03-02 18:33:26,false,"Reading - Easy Run","4.30","252","00:32:59","156","164","175","188","7:40","6:59","44","45","0.74","0.0","0.0","0","0","0","0.0","0","0","0.0","0.0","0","0","0","0:00","0.0","0:00","No","02:39.38.9","5","0.0","00:32:35","00:33:15","1","45"
Running,2022-02-28 18:47:56,false,"Reading - Tired Run","4.83","250","00:34:28","145","165","175","190","7:08","6:15","28","44","0.80","0.0","0.0","0","0","0","0.0","0","0","0.0","0.0","0","0","0","0:00","0.0","0:00","No","05:52.97.6","5","0.0","00:34:27","00:34:28","-13","46"
Running,2022-02-26 14:28:32,false,"Reading - Negative Split R","17.70","1,114","02:21:57","164","179","174","190","8:01","7:00","65","64","0.72","0.0","0.0","0","0","0","0.0","0","0","0.0","0.0","0","0","0","0:00","0.0","0:00","No","01:53.22","19","0.0","02:21:49","02:21:57","30","65"
Running,2022-02-20 11:12:45,false,"Trieste - Negative Split R","14.49","985","01:55:14","166","186","175","189","7:57","4:47","1,749","1,735","0.72","0.0","0.0","0","0","0","0.0","0","0","0.0","0.0","0","0","0","0:00","0.0","0:00","No","00:10.20.4","16","0.0","01:54:27","01:55:14","-21","135"
Running,2022-02-13 10:34:43,false,"Trieste - Negative Split R","10.46","636","01:12:17","169","184","179","201","6:55","5:27","28","153","0.81","0.0","0.0","0","0","0","0.0","0","0","0.0","0.0","0","0","0","0:00","0.0","0:00","No","01:27.90.3","12","0.0","01:12:14","01:12:17","1","131"
Running,2022-02-08 07:29:26,false,"Trieste - Easy Run","8.05","433","00:56:49","152","178","179","197","7:04","5:41","22","133","0.79","0.0","0.0","0","0","0","0.0","0","0","0.0","0.0","0","0","0","0:00","0.0","0:00","No","00:21.39.3","9","0.0","00:56:44","00:56:49","--","124"
Running,2022-02-06 11:11:51,false,"Trieste - Negative Split R","13.21","777","01:36:45","165","185","177","202","7:19","4:23","66","187","0.77","0.0","0.0","0","0","0","0.0","0","0","0.0","0.0","0","0","0","0:00","0.0","0:00","No","00:19.67.7","15","0.0","01:36:26","01:36:45","--","128"
Running,2022-02-03 07:52:34,false,"Trieste - Hill Repeats","3.52","218","00:33:04","148","161","169","191","9:24","7:17","92","94","0.63","0.0","0.0","0","0","0","0.0","0","0","0.0","0.0","0","0","0","0:00","0.0","0:00","No","00:01.21.3","34","0.0","00:32:48","00:33:04","129","175"
Running,2022-01-31 17:57:29,false,"Reading - Tired Run","4.83","291","00:34:11","167","188","178","186","7:05","5:55","26","25","0.80","0.0","0.0","0","0","0","0.0","0","0","0.0","0.0","0","0","0","0:00","0.0","0:00","No","05:45.08.2","5","0.0","00:34:10","00:34:11","35","60"
Running,2022-01-29 13:47:56,false,"Reading - Negative Split R","10.03","615","01:16:33","164","184","174","190","7:38","6:44","66","64","0.74","0.0","0.0","0","0","0","0.0","0","0","0.0","0.0","0","0","0","0:00","0.0","0:00","No","00:19.75","11","0.0","01:16:32","01:16:47","35","86"
Running,2022-01-25 18:15:40,false,"Reading - Easy Run","8.05","410","00:57:32","145","170","177","195","7:09","4:32","57","62","0.79","0.0","0.0","0","0","0","0.0","0","0","0.0","0.0","0","0","0","0:00","0.0","0:00","No","00:09.78.6","10","0.0","00:57:26","00:57:32","27","63"
Running,2022-01-24 18:22:36,false,"Reading - Tired Run","4.83","286","00:33:24","167","181","177","188","6:55","6:00","10","15","0.82","0.0","0.0","0","0","0","0.0","0","0","0.0","0.0","0","0","0","0:00","0.0","0:00","No","05:19.38.5","5","0.0","00:33:22","00:33:24","36","47"
Running,2022-01-22 15:19:00,false,"Reading - Negative Split R","12.87","662","01:44:42","143","176","175","189","8:08","6:59","36","42","0.70","0.0","0.0","0","0","0","0.0","0","0","0.0","0.0","0","0","0","0:00","0.0","0:00","No","00:10.41.3","15","0.0","01:44:21","01:44:42","28","52"
Running,2022-01-20 18:35:47,false,"Reading - Cadence Drills","6.44","336","00:43:33","155","180","181","190","6:46","5:37","75","78","0.82","0.0","0.0","0","0","0","0.0","0","0","0.0","0.0","0","0","0","0:00","0.0","0:00","No","01:18.47.2","8","0.0","00:43:27","00:43:33","32","85"
Running,2022-01-18 18:09:35,false,"Reading - Easy Run","8.05","449","00:56:12","162","181","177","186","6:59","5:49","25","25","0.81","0.0","0.0","0","0","0","0.0","0","0","0.0","0.0","0","0","0","0:00","0.0","0:00","No","00:09.05.2","10","0.0","00:56:09","00:56:12","23","51"
Running,2022-01-17 18:09:41,false,"Reading - Tired Run","4.83","270","00:36:30","154","178","175","185","7:34","6:54","11","10","0.75","0.0","0.0","0","0","0","0.0","0","0","0.0","0.0","0","0","0","0:00","0.0","0:00","No","05:57.00","5","0.0","00:36:24","00:36:30","34","62"
Running,2022-01-15 13:28:26,false,"Reading - Negative Split R","14.49","857","01:56:23","161","169","175","192","8:02","5:29","66","77","0.71","0.0","0.0","0","0","0","0.0","0","0","0.0","0.0","0","0","0","0:00","0.0","0:00","No","00:05.90.1","18","0.0","01:56:05","01:56:29","35","65"
Running,2022-01-03 13:02:18,false,"Strovolos - Tired Run","4.83","275","00:33:49","161","190","183","194","7:00","5:22","34","33","0.78","0.0","0.0","0","0","0","0.0","0","0","0.0","0.0","0","0","0","0:00","0.0","0:00","No","05:04.04.4","5","0.0","00:33:47","00:33:49","176","191"
Running,2022-01-01 12:26:52,false,"Strovolos - Negative Split R","14.48","881","01:50:54","167","178","179","190","7:39","6:21","110","107","0.73","0.0","0.0","0","0","0","0.0","0","0","0.0","0.0","0","0","0","0:00","0.0","0:00","No","00:11.13.5","17","0.0","01:50:46","01:50:54","176","190"
Running,2021-12-28 09:06:19,false,"Strovolos - Easy Run","6.44","367","00:44:04","165","180","182","193","6:51","5:49","37","39","0.80","0.0","0.0","0","0","0","0.0","0","0","0.0","0.0","0","0","0","0:00","0.0","0:00","No","02:40.25.5","7","0.0","00:44:02","00:44:04","176","191"
Running,2021-12-27 10:15:39,false,"Strovolos - Tired Run","4.83","281","00:34:47","161","189","181","192","7:12","5:35","34","32","0.77","0.0","0.0","0","0","0","0.0","0","0","0.0","0.0","0","0","0","0:00","0.0","0:00","No","05:17.59.6","5","0.0","00:34:45","00:34:47","177","191"
Running,2021-12-25 10:45:09,false,"Strovolos - Negative Split R","12.87","752","01:35:09","166","181","178","188","7:23","6:06","97","98","0.76","0.0","0.0","0","0","0","0.0","0","0","0.0","0.0","0","0","0","0:00","0.0","0:00","No","00:10.54.6","15","0.0","01:35:05","01:35:09","176","190"
Running,2021-12-23 16:38:11,false,"Strovolos - Cadence Drills","4.83","285","00:33:08","169","184","178","193","6:52","5:54","22","25","0.82","0.0","0.0","0","0","0","0.0","0","0","0.0","0.0","0","0","0","0:00","0.0","0:00","No","01:24.88","7","0.0","00:33:06","00:33:08","176","191"
Running,2021-12-22 17:15:06,false,"Strovolos - Easy Run","6.44","390","00:46:57","166","184","178","193","7:18","6:12","210","181","0.77","0.0","0.0","0","0","0","0.0","0","0","0.0","0.0","0","0","0","0:00","0.0","0:00","No","02:49.67.1","7","0.0","00:46:43","00:46:57","120","176"
Running,2021-12-20 18:10:20,false,"Strovolos - Tired Run","4.83","275","00:33:44","162","172","179","187","6:59","6:27","9","10","0.80","0.0","0.0","0","0","0","0.0","0","0","0.0","0.0","0","0","0","0:00","0.0","0:00","No","05:43.03.1","5","0.0","00:33:43","00:33:44","172","184"
Running,2021-12-18 11:15:48,false,"Strovolos - Negative Split R","12.87","780","01:33:16","168","182","175","190","7:15","6:03","87","81","0.79","0.0","0.0","0","0","0","0.0","0","0","0.0","0.0","0","0","0","0:00","0.0","0:00","No","00:10.75.6","15","0.0","01:33:05","01:34:51","161","214"
Running,2021-12-15 17:48:31,false,"Reading - Hill Repeats","3.53","204","00:26:34","158","179","170","191","7:31","6:20","9","7","0.79","0.0","0.0","0","0","0","0.0","0","0","0.0","0.0","0","0","0","0:00","0.0","0:00","No","00:02.59.5","25","0.0","00:26:11","00:27:06","38","47"
Running,2021-12-14 18:05:52,false,"Reading - Easy Run","6.44","376","00:46:22","160","186","177","188","7:12","6:01","13","11","0.78","0.0","0.0","0","0","0","0.0","0","0","0.0","0.0","0","0","0","0:00","0.0","0:00","No","03:02.59.1","7","0.0","00:46:18","00:46:22","33","63"
Running,2021-12-13 18:19:55,false,"Reading - Tired Run","3.22","187","00:22:49","159","182","177","188","7:05","0:50","127","105","0.80","0.0","0.0","0","0","0","0.0","0","0","0.0","0.0","0","0","0","0:00","0.0","0:00","No","01:42.49.1","4","0.0","00:22:31","00:22:49","37","73"
Running,2021-12-11 12:52:04,false,"Reading - Negative Split R","8.05","478","00:57:38","164","185","176","188","7:10","6:00","129","123","0.79","0.0","0.0","0","0","0","0.0","0","0","0.0","0.0","0","0","0","0:00","0.0","0:00","No","00:06.65.9","10","0.0","00:57:28","00:57:38","35","101"
Running,2021-12-09 18:15:28,false,"Reading - Cadence Drills","3.22","186","00:21:23","163","179","181","193","6:38","5:46","2","7","0.83","0.0","0.0","0","0","0","0.0","0","0","0.0","0.0","0","0","0","0:00","0.0","0:00","No","03:46.97.2","4","0.0","00:21:15","00:21:23","38","44"
Running,2021-12-07 18:09:40,false,"Reading - Easy Run","6.44","389","00:46:49","162","182","175","188","7:16","6:19","48","44","0.78","0.0","0.0","0","0","0","0.0","0","0","0.0","0.0","0","0","0","0:00","0.0","0:00","No","03:07.57.2","7","0.0","00:46:48","00:46:49","35","83"
Running,2021-12-06 18:02:35,false,"Reading - Tired Run","3.22","171","00:23:32","146","169","179","190","7:19","6:02","44","41","0.77","0.0","0.0","0","0","0","0.0","0","0","0.0","0.0","0","0","0","0:00","0.0","0:00","No","01:54.98.7","4","0.0","00:23:30","00:23:32","36","67"
Running,2021-12-04 12:27:09,false,"Reading - Negative Split R","10.46","608","01:16:36","161","177","173","186","7:19","5:49","46","45","0.79","0.0","0.0","0","0","0","0.0","0","0","0.0","0.0","0","0","0","0:00","0.0","0:00","No","01:35.38.7","12","0.0","01:16:30","01:16:36","34","78"
Running,2021-12-02 18:09:49,false,"Reading - Pace Run","3.22","189","00:20:13","171","190","178","190","6:17","5:05","3","3","0.89","0.0","0.0","0","0","0","0.0","0","0","0.0","0.0","0","0","0","0:00","0.0","0:00","No","03:33.41.7","4","0.0","00:20:11","00:20:13","39","45"
Running,2021-11-30 17:43:45,false,"Reading - Easy Run","6.44","361","00:46:35","155","173","174","186","7:14","6:07","45","49","0.79","0.0","0.0","0","0","0","0.0","0","0","0.0","0.0","0","0","0","0:00","0.0","0:00","No","03:04.70.5","7","0.0","00:46:34","00:46:35","34","79"
Running,2021-11-29 18:58:12,false,"Reading - Tired Run","4.03","218","00:26:44","156","180","174","190","6:38","5:49","4","4","0.86","0.0","0.0","0","0","0","0.0","0","0","0.0","0.0","0","0","0","0:00","0.0","0:00","No","00:01.61.3","7","0.0","00:26:11","00:27:08","38","46"
Running,2021-11-27 12:30:12,false,"Reading - Negative Split R","10.46","596","01:18:55","156","175","173","191","7:33","6:26","28","30","0.77","0.0","0.0","0","0","0","0.0","0","0","0.0","0.0","0","0","0","0:00","0.0","0:00","No","01:35.11.1","12","0.0","01:18:50","01:18:55","35","55"
Running,2021-11-25 18:12:49,false,"Reading - Cadence Drills","3.22","181","00:21:03","164","178","179","192","6:32","5:42","16","5","0.85","0.0","0.0","0","0","0","0.0","0","0","0.0","0.0","0","0","0","0:00","0.0","0:00","No","03:53.22.9","4","0.0","00:21:01","00:21:03","38","53"
Running,2021-11-23 17:57:22,false,"Reading - Easy Run","4.83","274","00:34:01","158","173","177","190","7:03","6:07","87","90","0.80","0.0","0.0","0","0","0","0.0","0","0","0.0","0.0","0","0","0","0:00","0.0","0:00","No","05:50.33.2","5","0.0","00:33:55","00:34:01","36","65"
Running,2021-11-22 18:28:10,false,"Reading - Tired Run","3.22","169","00:21:57","151","175","177","196","6:49","6:06","6","4","0.83","0.0","0.0","0","0","0","0.0","0","0","0.0","0.0","0","0","0","0:00","0.0","0:00","No","01:29.79.3","4","0.0","00:21:56","00:21:57","38","47"
Running,2021-11-20 12:39:45,false,"Reading - Negative Split R","9.66","520","01:13:05","149","186","175","187","7:34","5:56","25","29","0.75","0.0","0.0","0","0","0","0.0","0","0","0.0","0.0","0","0","0","0:00","0.0","0:00","No","01:34.40.8","11","0.0","01:13:00","01:13:05","30","50"
Running,2021-11-18 18:15:32,false,"Reading - Pace Run","3.22","177","00:20:55","162","187","177","192","6:30","5:22","4","3","0.87","0.0","0.0","0","0","0","0.0","0","0","0.0","0.0","0","0","0","0:00","0.0","0:00","No","03:39.56.9","4","0.0","00:20:54","00:20:55","38","46"
Running,2021-11-16 18:14:07,false,"Reading - Easy Run","4.83","268","00:33:34","157","183","176","190","6:57","6:02","137","142","0.82","0.0","0.0","0","0","0","0.0","0","0","0.0","0.0","0","0","0","0:00","0.0","0:00","No","05:50.11","5","0.0","00:33:28","00:33:34","-62","67"
Running,2021-11-15 18:11:18,false,"Reading - Tired Run","1.64","84","00:10:37","158","179","178","192","6:30","1:11","3","5","0.87","0.0","0.0","0","0","0","0.0","0","0","0.0","0.0","0","0","0","0:00","0.0","0:00","No","00:09.60","3","0.0","00:10:18","00:11:15","27","44"
Running,2021-11-13 11:42:26,false,"Reading - Negative Split R","6.44","372","00:46:01","163","181","176","188","7:09","5:25","14","18","0.80","0.0","0.0","0","0","0","0.0","0","0","0.0","0.0","0","0","0","0:00","0.0","0:00","No","00:10.22.5","8","0.0","00:45:45","00:46:01","34","44"
Running,2021-11-11 17:56:06,false,"Reading - Cadence Drills","3.22","165","00:23:00","144","162","176","188","7:09","6:38","--","4","0.79","0.0","0.0","0","0","0","0.0","0","0","0.0","0.0","0","0","0","0:00","0.0","0:00","No","04:22.29","4","0.0","00:22:59","00:23:00","38","44"
Running,2021-11-09 17:55:22,false,"Reading - Easy Run","4.83","269","00:35:05","158","169","173","186","7:16","6:12","1","6","0.80","0.0","0.0","0","0","0","0.0","0","0","0.0","0.0","0","0","0","0:00","0.0","0:00","No","05:50.42.9","5","0.0","00:34:29","00:35:05","31","45"
Running,2021-11-08 18:38:10,false,"Reading - Tired Run","3.22","180","00:22:08","162","179","176","188","6:52","5:56","7","40","0.83","0.0","0.0","0","0","0","0.0","0","0","0.0","0.0","0","0","0","0:00","0.0","0:00","No","01:21.17.6","4","0.0","00:22:02","00:22:08","38","80"
Running,2021-11-06 12:22:07,false,"Reading - Negative Split R","9.66","543","01:14:14","158","172","172","185","7:41","6:34","14","16","0.76","0.0","0.0","0","0","0","0.0","0","0","0.0","0.0","0","0","0","0:00","0.0","0:00","No","01:36.10.9","11","0.0","01:14:11","01:14:14","19","50"
Running,2021-11-04 19:22:18,false,"Reading - Pace Run","3.22","171","00:20:58","160","182","178","190","6:31","6:00","11","6","0.86","0.0","0.0","0","0","0","0.0","0","0","0.0","0.0","0","0","0","0:00","0.0","0:00","No","03:42.83.2","4","0.0","00:20:57","00:20:58","38","48"
Running,2021-11-02 17:45:50,false,"Reading - Easy Run","4.83","258","00:33:33","156","195","176","188","6:56","6:15","10","5","0.82","0.0","0.0","0","0","0","0.0","0","0","0.0","0.0","0","0","0","0:00","0.0","0:00","No","00:01.35.3","6","0.0","00:33:30","00:34:01","38","50"
Running,2021-11-01 18:04:16,false,"Reading - Tired Run","1.61","84","00:11:19","149","166","178","188","7:02","6:28","3","3","0.80","0.0","0.0","0","0","0","0.0","0","0","0.0","0.0","0","0","0","0:00","0.0","0:00","No","04:08.25.7","2","0.0","00:11:19","00:11:19","39","47"
Running,2021-10-30 12:40:10,false,"Reading - Negative Split R","8.05","442","00:58:45","162","179","175","188","7:18","6:17","60","64","0.78","0.0","0.0","0","0","0","0.0","0","0","0.0","0.0","0","0","0","0:00","0.0","0:00","No","00:12.03.4","10","0.0","00:58:41","00:58:45","32","84"
Running,2021-10-28 17:41:15,false,"Reading - Cadence Drills","3.23","177","00:23:10","159","175","174","188","7:11","6:19","17","8","0.80","0.0","0.0","0","0","0","0.0","0","0","0.0","0.0","0","0","0","0:00","0.0","0:00","No","00:04.47.8","5","0.0","00:23:04","00:23:12","38","70"
Running,2021-10-26 18:11:46,false,"Reading - Easy Run","4.83","262","00:32:47","167","188","177","190","6:47","5:38","14","11","0.83","0.0","0.0","0","0","0","0.0","0","0","0.0","0.0","0","0","0","0:00","0.0","0:00","No","05:30.93.3","5","0.0","00:32:46","00:32:47","38","51"
Running,2021-10-25 18:18:22,false,"Reading Running","1.66","83","00:10:36","161","180","180","196","6:24","5:56","6","4","0.87","0.0","0.0","0","0","0","0.0","0","0","0.0","0.0","0","0","0","0:00","0.0","0:00","No","03:59.39.5","2","0.0","00:10:35","00:10:36","38","46"
Running,2021-10-23 12:59:38,false,"Reading - Negative Split R","6.44","344","00:44:41","163","184","176","188","6:56","5:49","11","17","0.82","0.0","0.0","0","0","0","0.0","0","0","0.0","0.0","0","0","0","0:00","0.0","0:00","No","00:09.20.1","8","0.0","00:44:36","00:44:41","34","65"
Running,2021-10-21 17:31:07,false,"Reading - Easy Run","3.23","170","00:22:00","163","182","175","196","6:49","4:52","17","22","0.84","0.0","0.0","0","0","0","0.0","0","0","0.0","0.0","0","0","0","0:00","0.0","0:00","No","00:02.41.1","6","0.0","00:21:43","00:22:53","37","54"
Running,2021-10-19 17:45:07,false,"Reading - Easy Run","4.83","270","00:32:59","172","196","176","188","6:50","5:51","90","94","0.83","0.0","0.0","0","0","0","0.0","0","0","0.0","0.0","0","0","0","0:00","0.0","0:00","No","05:28.47","5","0.0","00:32:46","00:32:59","35","89"
Running,2021-10-18 18:16:48,false,"Reading - Benchmark Run","1.35","56","00:09:00.0","133","156","178","192","6:41","4:58","54","56","0.84","0.0","0.0","0","0","0","0.0","0","0","0.0","0.0","0","0","0","0:00","0.0","0:00","No","02:00.00","3","0.0","00:09:00.0","00:09:00.0","38","96"
Running,2021-10-15 17:41:47,false,"Reading Running","4.01","224","00:27:53","166","179","174","184","6:57","3:15","24","28","0.83","0.0","0.0","0","0","0","0.0","0","0","0.0","0.0","0","0","0","0:00","0.0","0:00","No","00:03.87.8","5","0.0","00:27:51","00:27:53","35","45"
Running,2021-10-13 17:08:01,false,"Reading Running","6.74","372","00:45:05","168","181","174","186","6:41","2:19","48","51","0.86","0.0","0.0","0","0","0","0.0","0","0","0.0","0.0","0","0","0","0:00","0.0","0:00","No","04:28.42.9","7","0.0","00:45:03","00:45:05","34","44"
Treadmill Running,2021-10-08 12:41:23,false,"Treadmill Running","6.02","348","00:42:16","166","182","174","184","7:02","6:19","--","--","0.82","0.0","0.0","0","0","0","0.0","0","0","0.0","0.0","0","0","0","0:00","0.0","0:00","No","08:15.66.7","4","0.0","00:42:08","00:42:16","--","--"
Running,2021-09-28 08:19:59,false,"Trieste Running","5.50","318","00:40:16","163","182","176","200","7:19","4:41","57","76","0.77","0.0","0.0","0","0","0","0.0","0","0","0.0","0.0","0","0","0","0:00","0.0","0:00","No","03:46.60.8","6","0.0","00:40:12","00:40:16","0","47"
Running,2021-09-27 08:18:28,false,"Trieste Running","5.01","289","00:38:04","159","184","174","186","7:36","3:15","133","158","0.76","0.0","0.0","0","0","0","0.0","0","0","0.0","0.0","0","0","0","0:00","0.0","0:00","No","00:04.42.7","6","0.0","00:38:01","00:38:04","8","72"
Running,2021-09-23 08:30:03,false,"Trieste Running","2.13","120","00:17:22","151","175","174","188","8:10","3:20","62","82","0.70","0.0","0.0","0","0","0","0.0","0","0","0.0","0.0","0","0","0","0:00","0.0","0:00","No","01:26.72.4","3","0.0","00:17:18","00:17:22","17","73"
Running,2021-09-22 08:24:36,false,"Trieste Running","3.00","176","00:23:46","160","182","176","188","7:55","5:44","65","65","0.72","0.0","0.0","0","0","0","0.0","0","0","0.0","0.0","0","0","0","0:00","0.0","0:00","No","00:01.91.4","4","0.0","00:23:45","00:23:46","39","69"
Running,2021-09-07 07:02:22,false,"Paralimni Running","3.62","189","00:25:09","158","175","176","190","6:56","5:46","54","75","0.82","0.0","0.0","0","0","0","0.0","0","0","0.0","0.0","0","0","0","0:00","0.0","0:00","No","04:15.19","4","0.0","00:25:07","00:25:09","--","37"
Running,2021-09-06 06:40:54,false,"Paralimni Running","5.01","266","00:34:54","162","184","176","188","6:58","5:06","73","73","0.82","0.0","0.0","0","0","0","0.0","0","0","0.0","0.0","0","0","0","0:00","0.0","0:00","No","00:02.79.6","6","0.0","00:34:52","00:34:54","--","38"
Running,2021-09-04 06:47:37,false,"Paralimni Running","5.01","283","00:35:11","169","183","176","200","7:02","0:21","69","68","0.81","0.0","0.0","0","0","0","0.0","0","0","0.0","0.0","0","0","0","0:00","0.0","0:00","No","00:02.82.2","6","0.0","00:35:08","00:35:11","--","38"
Running,2021-09-03 06:50:16,false,"Paralimni Running","5.01","271","00:34:47","163","185","176","194","6:56","1:25","57","57","0.81","0.0","0.0","0","0","0","0.0","0","0","0.0","0.0","0","0","0","0:00","0.0","0:00","No","00:03.07.3","6","0.0","00:00:00","00:34:47","4","38"
Running,2021-09-02 06:46:08,false,"Paralimni Running","5.01","280","00:36:15","164","183","174","192","7:14","2:59","60","61","0.79","0.0","0.0","0","0","0","0.0","0","0","0.0","0.0","0","0","0","0:00","0.0","0:00","No","00:03.65.4","6","0.0","00:36:12","00:36:15","4","37"
Running,2021-08-31 06:44:18,false,"Paralimni Running","5.01","293","00:36:03","171","191","174","196","7:12","3:26","76","75","0.79","0.0","0.0","0","0","0","0.0","0","0","0.0","0.0","0","0","0","0:00","0.0","0:00","No","00:03.58.8","6","0.0","00:35:59","00:36:03","--","38"
Running,2021-08-30 07:11:14,false,"Paralimni Running","4.88","279","00:36:39","163","178","174","198","7:31","6:11","55","56","0.76","0.0","0.0","0","0","0","0.0","0","0","0.0","0.0","0","0","0","0:00","0.0","0:00","No","06:25.01.8","5","0.0","00:36:37","00:36:39","4","37"
Running,2021-08-27 06:51:01,false,"Strovolos Running","3.85","216","00:32:33","152","163","172","182","8:27","2:28","52","59","0.69","0.0","0.0","0","0","0","0.0","0","0","0.0","0.0","0","0","0","0:00","0.0","0:00","No","07:32.06.6","4","0.0","00:32:31","00:32:33","175","188"
Running,2021-08-24 17:23:58,false,"Reading Running","4.84","261","00:35:26","161","180","174","184","7:20","0:52","36","40","0.78","0.0","0.0","0","0","0","0.0","0","0","0.0","0.0","0","0","0","0:00","0.0","0:00","No","05:20.61","5","0.0","00:35:23","00:35:26","34","45"
Running,2021-08-23 17:08:37,false,"Reading Running","6.45","348","00:45:23","166","182","176","186","7:02","1:15","45","53","0.81","0.0","0.0","0","0","0","0.0","0","0","0.0","0.0","0","0","0","0:00","0.0","0:00","No","02:57.67.1","7","0.0","00:45:20","00:45:23","34","45"
Running,2021-08-21 12:05:03,false,"Reading Running","11.37","674","01:25:37","173","187","176","190","7:32","3:21","82","90","0.75","0.0","0.0","0","0","0","0.0","0","0","0.0","0.0","0","0","0","0:00","0.0","0:00","No","03:01.48.5","12","0.0","00:00:00","01:25:37","34","45"
Running,2021-08-20 16:05:38,false,"Reading Running","5.01","291","00:35:27","174","190","176","192","7:05","1:11","14","14","0.80","0.0","0.0","0","0","0","0.0","0","0","0.0","0.0","0","0","0","0:00","0.0","0:00","No","00:02.05.2","6","0.0","00:35:25","00:35:27","38","46"
Running,2021-08-17 18:54:14,false,"Reading Running","5.01","276","00:34:52","170","189","176","188","6:58","5:33","22","27","0.81","0.0","0.0","0","0","0","0.0","0","0","0.0","0.0","0","0","0","0:00","0.0","0:00","No","00:02.44.7","6","0.0","00:00:00","00:34:52","36","46"
Running,2021-08-16 17:18:10,false,"Reading Running","5.00","270","00:35:45","167","182","176","190","7:09","4:27","26","22","0.80","0.0","0.0","0","0","0","0.0","0","0","0.0","0.0","0","0","0","0:00","0.0","0:00","No","00:03.69.8","6","0.0","00:35:43","00:35:45","38","47"
Running,2021-08-12 18:51:49,false,"Reading Running","5.01","284","00:37:26","169","185","174","190","7:29","2:04","30","24","0.77","0.0","0.0","0","0","0","0.0","0","0","0.0","0.0","0","0","0","0:00","0.0","0:00","No","00:03.30.3","6","0.0","00:37:23","00:37:26","38","51"
Running,2021-08-11 17:54:10,false,"Reading Running","5.01","285","00:36:21","171","188","174","190","7:15","3:00","25","27","0.79","0.0","0.0","0","0","0","0.0","0","0","0.0","0.0","0","0","0","0:00","0.0","0:00","No","00:03.09.9","6","0.0","00:36:18","00:36:21","34","44"
Running,2021-08-10 19:06:43,false,"Reading Running","5.00","285","00:35:34","174","192","174","186","7:07","1:12","24","23","0.81","0.0","0.0","0","0","0","0.0","0","0","0.0","0.0","0","0","0","0:00","0.0","0:00","No","00:02.32.9","6","0.0","00:00:00","00:35:34","38","46"
Running,2021-08-07 11:47:23,false,"Reading Running","4.83","282","00:36:56","170","184","172","188","7:38","4:43","23","22","0.76","0.0","0.0","0","0","0","0.0","0","0","0.0","0.0","0","0","0","0:00","0.0","0:00","No","06:36.43","5","0.0","00:36:54","00:36:56","38","46"
Running,2021-07-19 18:36:41,false,"Reading Running","4.85","264","00:34:47","168","181","174","186","7:11","1:19","20","22","0.80","0.0","0.0","0","0","0","0.0","0","0","0.0","0.0","0","0","0","0:00","0.0","0:00","No","05:57.37.7","5","0.0","00:34:45","00:34:47","37","44"
Running,2021-07-17 12:24:29,false,"Reading Running","8.01","476","01:03:59","170","181","174","192","8:00","1:34","30","33","0.72","0.0","0.0","0","0","0","0.0","0","0","0.0","0.0","0","0","0","0:00","0.0","0:00","No","00:03.02.3","9","0.0","00:00:00","01:03:59","36","44"
Running,2021-07-13 18:01:40,false,"Reading Running","7.00","385","00:54:38","160","176","166","192","7:48","2:28","53","56","0.78","0.0","0.0","0","0","0","0.0","0","0","0.0","0.0","0","0","0","0:00","0.0","0:00","No","00:01.16.2","8","0.0","00:54:36","00:54:38","34","44"
Running,2021-07-12 18:07:56,false,"Reading Running","4.86","278","00:35:15","169","185","176","188","7:16","3:09","30","34","0.78","0.0","0.0","0","0","0","0.0","0","0","0.0","0.0","0","0","0","0:00","0.0","0:00","No","05:42.03.6","5","0.0","00:35:12","00:35:15","34","44"
Running,2021-07-10 12:44:41,false,"Reading Running","6.45","380","00:47:34","169","189","174","182","7:22","1:08","58","65","0.78","0.0","0.0","0","0","0","0.0","0","0","0.0","0.0","0","0","0","0:00","0.0","0:00","No","00:05.15.2","5","0.0","00:47:32","00:47:34","34","45"
